type,value,start_pos,end_pos,file_id,text,line_num
ip,1.000.000.000,9.0,21.0,E:/vmshared_storage/Kali202004/bin2text/Apple_binary_property_list\041277c19c77f33f21bc0f3ecb9fe45fb8a7da16.txt,	<string>1.000.000.000+</string>,77
ip,1.0.0.1,6.0,12.0,E:/vmshared_storage/Kali202004/bin2text/Apple_binary_property_list\097af5a78d7f32e996e75311faa8c096352561f0.txt,	<key>1.0.0.1</key>,4612
ip,1.0.0.1,9.0,15.0,E:/vmshared_storage/Kali202004/bin2text/Apple_binary_property_list\097af5a78d7f32e996e75311faa8c096352561f0.txt,	<string>1.0.0.1</string>,4613
ip,1.1.1.1,6.0,12.0,E:/vmshared_storage/Kali202004/bin2text/Apple_binary_property_list\097af5a78d7f32e996e75311faa8c096352561f0.txt,	<key>1.1.1.1</key>,4616
ip,1.1.1.1,9.0,15.0,E:/vmshared_storage/Kali202004/bin2text/Apple_binary_property_list\097af5a78d7f32e996e75311faa8c096352561f0.txt,	<string>1.1.1.1</string>,4617
ip,608.80.24.1,10.0,20.0,E:/vmshared_storage/Kali202004/bin2text/Apple_binary_property_list\0f7237a0e3be720ff66514d4e70dfd74a49f2898.txt,	<string>3608.80.24.1.8</string>,15
ip,1.0.0.14,19.0,26.0,E:/vmshared_storage/Kali202004/bin2text/Apple_binary_property_list\14952d8fceef2cb682f178fa956898fcbffc2f5a.txt,			<string>eng-USA-1.0.0.14-20170731</string>,16
ip,1.0.0.12,19.0,26.0,E:/vmshared_storage/Kali202004/bin2text/Apple_binary_property_list\14952d8fceef2cb682f178fa956898fcbffc2f5a.txt,			<string>cmn-CHN-1.0.0.12-20170804</string>,50
ip,3.6.1.4,9.0,15.0,E:/vmshared_storage/Kali202004/bin2text/Apple_binary_property_list\157d20450d2c8de396acd3b2e9779aeb683d4d11.txt,	<string>3.6.1.4</string>,29
ip,608.80.24.1,10.0,20.0,E:/vmshared_storage/Kali202004/bin2text/Apple_binary_property_list\17e5e4ae03a751868771702c316113a5d50e8771.txt,	<string>3608.80.24.1.8</string>,15
ip,12.6.0.1,10.0,17.0,E:/vmshared_storage/Kali202004/bin2text/Apple_binary_property_list\1d5e8356d15b275024cfc3851f083937f2fd653b.txt,		<string>12.6.0.1</string>,21
ip,100.73.156.224,9.0,22.0,E:/vmshared_storage/Kali202004/bin2text/Apple_binary_property_list\1f00a8676a29015ea3b7a27471d0391972d1b56b.txt,	<string>100.73.156.224</string>,63
ip,192.95.36.142,15.0,27.0,E:/vmshared_storage/Kali202004/bin2text/Apple_binary_property_list\20d24d3e5c7741ee5972378916f95b5b43d543a9.txt,	<string>obfs4 192.95.36.142:443 CDF2E852BF539B82BD10E27E9115A31734E378C2 cert=qUVQ0srL1JI/vO6V6m/24anYXiJD3QP2HgzUKQtQ7GRqqUvs7P+tG43RtAqdhLOALP7DJQ iat-mode=1</string>,4
ip,38.229.1.78,15.0,25.0,E:/vmshared_storage/Kali202004/bin2text/Apple_binary_property_list\20d24d3e5c7741ee5972378916f95b5b43d543a9.txt,	<string>obfs4 38.229.1.78:80 C8CBDB2464FC9804A69531437BCF2BE31FDD2EE4 cert=Hmyfd2ev46gGY7NoVxA9ngrPF2zCZtzskRTzoWXbxNkzeVnGFPWmrTtILRyqCTjHR+s9dg iat-mode=1</string>,5
ip,38.229.33.83,15.0,26.0,E:/vmshared_storage/Kali202004/bin2text/Apple_binary_property_list\20d24d3e5c7741ee5972378916f95b5b43d543a9.txt,	<string>obfs4 38.229.33.83:80 0BAC39417268B96B9F514E7F63FA6FBA1A788955 cert=VwEFpk9F/UN9JED7XpG1XOjm/O8ZCXK80oPecgWnNDZDv5pdkhq1OpbAH0wNqOT6H6BmRQ iat-mode=1</string>,6
ip,37.218.240.34,15.0,27.0,E:/vmshared_storage/Kali202004/bin2text/Apple_binary_property_list\20d24d3e5c7741ee5972378916f95b5b43d543a9.txt,	<string>obfs4 37.218.240.34:40035 88CD36D45A35271963EF82E511C8827A24730913 cert=eGXYfWODcgqIdPJ+rRupg4GGvVGfh25FWaIXZkit206OSngsp7GAIiGIXOJJROMxEqFKJg iat-mode=1</string>,7
ip,37.218.245.14,15.0,27.0,E:/vmshared_storage/Kali202004/bin2text/Apple_binary_property_list\20d24d3e5c7741ee5972378916f95b5b43d543a9.txt,	<string>obfs4 37.218.245.14:38224 D9A82D2F9C2F65A18407B1D2B764F130847F8B5D cert=bjRaMrr1BRiAW8IE9U5z27fQaYgOhX1UCmOpg2pFpoMvo6ZgQMzLsaTzzQNTlm7hNcb+Sg iat-mode=0</string>,8
ip,85.31.186.98,15.0,26.0,E:/vmshared_storage/Kali202004/bin2text/Apple_binary_property_list\20d24d3e5c7741ee5972378916f95b5b43d543a9.txt,	<string>obfs4 85.31.186.98:443 011F2599C0E9B27EE74B353155E244813763C3E5 cert=ayq0XzCwhpdysn5o0EyDUbmSOx3X/oTEbzDMvczHOdBJKlvIdHHLJGkZARtT4dcBFArPPg iat-mode=0</string>,9
ip,85.31.186.26,15.0,26.0,E:/vmshared_storage/Kali202004/bin2text/Apple_binary_property_list\20d24d3e5c7741ee5972378916f95b5b43d543a9.txt,	<string>obfs4 85.31.186.26:443 91A6354697E6B02A386312F68D82CF86824D3606 cert=PBwr+S8JTVZo6MPdHnkTwXJPILWADLqfMGoVvhZClMq/Urndyd42BwX9YFJHZnBB3H0XCw iat-mode=0</string>,10
ip,216.252.162.21,15.0,28.0,E:/vmshared_storage/Kali202004/bin2text/Apple_binary_property_list\20d24d3e5c7741ee5972378916f95b5b43d543a9.txt,	<string>obfs4 216.252.162.21:46089 0DB8799466902192B6C7576D58D4F7F714EC87C1 cert=XPUwcQPxEXExHfJYX58gZXN7mYpos7VNAHbkgERNFg+FCVNzuYo1Wp+uMscl3aR9hO2DRQ iat-mode=0</string>,11
ip,144.217.20.138,15.0,28.0,E:/vmshared_storage/Kali202004/bin2text/Apple_binary_property_list\20d24d3e5c7741ee5972378916f95b5b43d543a9.txt,	<string>obfs4 144.217.20.138:80 FB70B257C162BF1038CA669D568D76F5B7F0BABB cert=vYIV5MgrghGQvZPIi1tJwnzorMgqgmlKaB77Y3Z9Q/v94wZBOAXkW+fdx4aSxLVnKO+xNw iat-mode=0</string>,12
ip,193.11.166.194,15.0,28.0,E:/vmshared_storage/Kali202004/bin2text/Apple_binary_property_list\20d24d3e5c7741ee5972378916f95b5b43d543a9.txt,	<string>obfs4 193.11.166.194:27015 2D82C2E354D531A68469ADF7F878FA6060C6BACA cert=4TLQPJrTSaDffMK7Nbao6LC7G9OW/NHkUwIdjLSS3KYf0Nv4/nQiiI8dY2TcsQx01NniOg iat-mode=0</string>,13
ip,193.11.166.194,15.0,28.0,E:/vmshared_storage/Kali202004/bin2text/Apple_binary_property_list\20d24d3e5c7741ee5972378916f95b5b43d543a9.txt,	<string>obfs4 193.11.166.194:27020 86AC7B8D430DAC4117E9F42C9EAED18133863AAF cert=0LDeJH4JzMDtkJJrFphJCiPqKx7loozKN7VNfuukMGfHO0Z8OGdzHVkhVAOfo1mUdv9cMg iat-mode=0</string>,14
ip,193.11.166.194,15.0,28.0,E:/vmshared_storage/Kali202004/bin2text/Apple_binary_property_list\20d24d3e5c7741ee5972378916f95b5b43d543a9.txt,	<string>obfs4 193.11.166.194:27025 1AE2C08904527FEA90C4C4F8C1083EA59FBC6FAF cert=ItvYZzW5tn6v3G4UnQa6Qz04Npro6e81AP70YujmK/KXwDFPTs3aHXcHp4n8Vt6w/bv8cA iat-mode=0</string>,15
ip,209.148.46.65,15.0,27.0,E:/vmshared_storage/Kali202004/bin2text/Apple_binary_property_list\20d24d3e5c7741ee5972378916f95b5b43d543a9.txt,	<string>obfs4 209.148.46.65:443 74FAD13168806246602538555B5521A0383A1875 cert=ssH+9rP8dG2NLDN2XuFw63hIO/9MNNinLmxQDpVa+7kTOa9/m+tGWT1SmSYpQ9uTBGa6Hw iat-mode=0</string>,16
ip,146.57.248.225,15.0,28.0,E:/vmshared_storage/Kali202004/bin2text/Apple_binary_property_list\20d24d3e5c7741ee5972378916f95b5b43d543a9.txt,	<string>obfs4 146.57.248.225:22 10A6CD36A537FCE513A322361547444B393989F0 cert=K1gDtDAIcUfeLqbstggjIw2rtgIKqdIhUlHp82XRqNSq/mtAjp1BIC9vHKJ2FAEpGssTPw iat-mode=0</string>,17
ip,3.3.7.0,9.0,15.0,E:/vmshared_storage/Kali202004/bin2text/Apple_binary_property_list\23f7f530705c00526a31a7cc3f2a442d7cf766e7.txt,	<string>3.3.7.0</string>,5
ip,6.8.4.2,89.0,95.0,E:/vmshared_storage/Kali202004/bin2text/Apple_binary_property_list\23f7f530705c00526a31a7cc3f2a442d7cf766e7.txt,					<string>https://pm-gateway.supersonicads.com/auction?appKey=67052255&amp;SDKVersion=6.8.4.2&amp;initCountry=US&amp;platform=iphone&amp;advId=0D99ABE9-B1D0-41C1-8C45-2681A498AD97</string>,627
ip,3.3.7.0,9.0,15.0,E:/vmshared_storage/Kali202004/bin2text/Apple_binary_property_list\23f7f530705c00526a31a7cc3f2a442d7cf766e7.txt,	<string>3.3.7.0</string>,805
ip,6.8.4.2,11.0,17.0,E:/vmshared_storage/Kali202004/bin2text/Apple_binary_property_list\23f7f530705c00526a31a7cc3f2a442d7cf766e7.txt,			<string>6.8.4.2</string>,1779
ip,6.8.4.2,11.0,17.0,E:/vmshared_storage/Kali202004/bin2text/Apple_binary_property_list\23f7f530705c00526a31a7cc3f2a442d7cf766e7.txt,			<string>6.8.4.2</string>,1801
ip,2.19.40.12,15.0,24.0,E:/vmshared_storage/Kali202004/bin2text/Apple_binary_property_list\24185c54234fc613e2bd744bbb713ab6136d5262.txt,		<key>Sticker_2.19.40.12</key>,25
ip,2.19.20.2,15.0,23.0,E:/vmshared_storage/Kali202004/bin2text/Apple_binary_property_list\24185c54234fc613e2bd744bbb713ab6136d5262.txt,		<key>Sticker_2.19.20.2</key>,44
ip,2.19.40.24,15.0,24.0,E:/vmshared_storage/Kali202004/bin2text/Apple_binary_property_list\24185c54234fc613e2bd744bbb713ab6136d5262.txt,		<key>Sticker_2.19.40.24</key>,63
ip,2.19.40.24,17.0,26.0,E:/vmshared_storage/Kali202004/bin2text/Apple_binary_property_list\24185c54234fc613e2bd744bbb713ab6136d5262.txt,	<string>Sticker_2.19.40.24</string>,84
ip,17.57.144.52,11.0,22.0,E:/vmshared_storage/Kali202004/bin2text/Apple_binary_property_list\268b6326cc30f685de03c595e9bc86092256bc83.txt,			<string>17.57.144.52</string>,864
ip,1.0.0.1,6.0,12.0,E:/vmshared_storage/Kali202004/bin2text/Apple_binary_property_list\27d141a528ef53b4b6edfd299bbbab570587d554.txt,	<key>1.0.0.1</key>,1404
ip,12.6.0.1,12.0,19.0,E:/vmshared_storage/Kali202004/bin2text/Apple_binary_property_list\27e2d29dbda303a815477cd7c37d3a84bd218cb7.txt,				<string>12.6.0.1</string>,611
ip,12.6.0.1,11.0,18.0,E:/vmshared_storage/Kali202004/bin2text/Apple_binary_property_list\27e2d29dbda303a815477cd7c37d3a84bd218cb7.txt,			<string>12.6.0.1</string>,661
ip,135.0.0.22,9.0,18.0,E:/vmshared_storage/Kali202004/bin2text/Apple_binary_property_list\2b3eaa34c2ca5860ee6ec9d49cd0b566bf4082f8.txt,	<string>135.0.0.22.118 (206072521)</string>,66
ip,12.6.0.1,9.0,16.0,E:/vmshared_storage/Kali202004/bin2text/Apple_binary_property_list\2f534403ba88293b9809cf5a531d8ba83a724ac3.txt,	<string>12.6.0.1</string>,27
ip,608.80.24.1,11.0,21.0,E:/vmshared_storage/Kali202004/bin2text/Apple_binary_property_list\304f49f2823a6815d0419b0cdbd98b78b60092d1.txt,		<string>3608.80.24.1.8</string>,7
ip,608.80.24.1,11.0,21.0,E:/vmshared_storage/Kali202004/bin2text/Apple_binary_property_list\304f49f2823a6815d0419b0cdbd98b78b60092d1.txt,		<string>3608.80.24.1.8</string>,16
ip,135.0.0.22,9.0,18.0,E:/vmshared_storage/Kali202004/bin2text/Apple_binary_property_list\39a4d762316fa1a8f2e19606cfcf9458854eb7cf.txt,	<string>135.0.0.22.118</string>,67
ip,135.0.0.22,9.0,18.0,E:/vmshared_storage/Kali202004/bin2text/Apple_binary_property_list\3a95ddbf2656da6aa40ae087529bec890556a0ae.txt,	<string>135.0.0.22.118 (206072690)</string>,248
ip,135.0.0.22,9.0,18.0,E:/vmshared_storage/Kali202004/bin2text/Apple_binary_property_list\3a95ddbf2656da6aa40ae087529bec890556a0ae.txt,	<string>135.0.0.22.118 (206072521)</string>,669
ip,10.5.0.1,59.0,66.0,E:/vmshared_storage/Kali202004/bin2text/Apple_binary_property_list\3c5993d16dfab286c075f4273020d275ff70e4ba.txt,			<string>http://en-us-support.belkin.com/euf/rightnow/js/10.5.0.1.6.137/min/RightNow.js</string>,13650
ip,12.6.0.1,10.0,17.0,E:/vmshared_storage/Kali202004/bin2text/Apple_binary_property_list\3c6b5e3003744b282dca567605a7782cdc68bc2a.txt,		<string>12.6.0.1</string>,369
ip,4.1.1.0,19.0,25.0,E:/vmshared_storage/Kali202004/bin2text/Apple_binary_property_list\3d53cce18f2dacf914fdcc964ec0b85fc5e2dfa5.txt,			<string>cmn-CHN-4.1.1.0-20160421</string>,88
ip,4.1.1.5,19.0,25.0,E:/vmshared_storage/Kali202004/bin2text/Apple_binary_property_list\3d53cce18f2dacf914fdcc964ec0b85fc5e2dfa5.txt,			<string>eng-USA-4.1.1.5-20160919</string>,122
ip,4.1.1.5,19.0,25.0,E:/vmshared_storage/Kali202004/bin2text/Apple_binary_property_list\3d53cce18f2dacf914fdcc964ec0b85fc5e2dfa5.txt,			<string>eng-USA-4.1.1.5-20160919</string>,156
ip,4.1.0.2,19.0,25.0,E:/vmshared_storage/Kali202004/bin2text/Apple_binary_property_list\3d53cce18f2dacf914fdcc964ec0b85fc5e2dfa5.txt,			<string>spa-USA-4.1.0.2-20160424</string>,192
ip,4.1.0.2,19.0,25.0,E:/vmshared_storage/Kali202004/bin2text/Apple_binary_property_list\3d53cce18f2dacf914fdcc964ec0b85fc5e2dfa5.txt,			<string>rus-RUS-4.1.0.2-20160422</string>,228
ip,4.1.0.3,19.0,25.0,E:/vmshared_storage/Kali202004/bin2text/Apple_binary_property_list\3d53cce18f2dacf914fdcc964ec0b85fc5e2dfa5.txt,			<string>tur-TUR-4.1.0.3-20160422</string>,264
ip,6.0.0.2,30.0,36.0,E:/vmshared_storage/Kali202004/bin2text/Apple_binary_property_list\3d53cce18f2dacf914fdcc964ec0b85fc5e2dfa5.txt,			<string>eng-USA-OfflineIOS-6.0.0.2-20191003</string>,300
ip,4.1.1.0,19.0,25.0,E:/vmshared_storage/Kali202004/bin2text/Apple_binary_property_list\3d53cce18f2dacf914fdcc964ec0b85fc5e2dfa5.txt,			<string>cmn-CHN-4.1.1.0-20160421</string>,336
ip,4.1.0.2,19.0,25.0,E:/vmshared_storage/Kali202004/bin2text/Apple_binary_property_list\3d53cce18f2dacf914fdcc964ec0b85fc5e2dfa5.txt,			<string>yue-HKG-4.1.0.2-20160424</string>,372
ip,5.2.0.2,19.0,25.0,E:/vmshared_storage/Kali202004/bin2text/Apple_binary_property_list\3d53cce18f2dacf914fdcc964ec0b85fc5e2dfa5.txt,			<string>eng-USA-5.2.0.2-20170705</string>,406
ip,5.0.0.1,19.0,25.0,E:/vmshared_storage/Kali202004/bin2text/Apple_binary_property_list\3d53cce18f2dacf914fdcc964ec0b85fc5e2dfa5.txt,			<string>spa-ESP-5.0.0.1-20170310</string>,442
ip,5.3.0.3,19.0,25.0,E:/vmshared_storage/Kali202004/bin2text/Apple_binary_property_list\3d53cce18f2dacf914fdcc964ec0b85fc5e2dfa5.txt,			<string>eng-USA-5.3.0.3-20180129</string>,476
ip,5.0.0.1,30.0,36.0,E:/vmshared_storage/Kali202004/bin2text/Apple_binary_property_list\3d53cce18f2dacf914fdcc964ec0b85fc5e2dfa5.txt,			<string>cmn-CHN-OfflineIOS-5.0.0.1-20180624</string>,512
ip,5.3.0.1,30.0,36.0,E:/vmshared_storage/Kali202004/bin2text/Apple_binary_property_list\3d53cce18f2dacf914fdcc964ec0b85fc5e2dfa5.txt,			<string>eng-USA-OfflineIOS-5.3.0.1-20190209</string>,548
ip,5.3.0.1,30.0,36.0,E:/vmshared_storage/Kali202004/bin2text/Apple_binary_property_list\3d53cce18f2dacf914fdcc964ec0b85fc5e2dfa5.txt,			<string>eng-USA-OfflineIOS-5.3.0.1-20190530</string>,584
ip,5.0.0.1,30.0,36.0,E:/vmshared_storage/Kali202004/bin2text/Apple_binary_property_list\3d53cce18f2dacf914fdcc964ec0b85fc5e2dfa5.txt,			<string>cmn-CHN-OfflineIOS-5.0.0.1-20180925</string>,620
ip,4.1.0.1,19.0,25.0,E:/vmshared_storage/Kali202004/bin2text/Apple_binary_property_list\3d53cce18f2dacf914fdcc964ec0b85fc5e2dfa5.txt,			<string>eng-GBR-4.1.0.1-20160422</string>,656
ip,4.1.0.1,19.0,25.0,E:/vmshared_storage/Kali202004/bin2text/Apple_binary_property_list\3d53cce18f2dacf914fdcc964ec0b85fc5e2dfa5.txt,			<string>ita-ITA-4.1.0.1-20160422</string>,692
ip,4.1.0.4,19.0,25.0,E:/vmshared_storage/Kali202004/bin2text/Apple_binary_property_list\3d53cce18f2dacf914fdcc964ec0b85fc5e2dfa5.txt,			<string>por-BRA-4.1.0.4-20160424</string>,728
ip,4.1.0.1,19.0,25.0,E:/vmshared_storage/Kali202004/bin2text/Apple_binary_property_list\3d53cce18f2dacf914fdcc964ec0b85fc5e2dfa5.txt,			<string>eng-IND-4.1.0.1-20160424</string>,764
ip,6.0.0.4,30.0,36.0,E:/vmshared_storage/Kali202004/bin2text/Apple_binary_property_list\3d53cce18f2dacf914fdcc964ec0b85fc5e2dfa5.txt,			<string>fra-FRA-OfflineIOS-6.0.0.4-20191114</string>,800
ip,6.0.0.3,30.0,36.0,E:/vmshared_storage/Kali202004/bin2text/Apple_binary_property_list\3d53cce18f2dacf914fdcc964ec0b85fc5e2dfa5.txt,			<string>deu-DEU-OfflineIOS-6.0.0.3-20191114</string>,838
ip,6.0.0.1,30.0,36.0,E:/vmshared_storage/Kali202004/bin2text/Apple_binary_property_list\3d53cce18f2dacf914fdcc964ec0b85fc5e2dfa5.txt,			<string>eng-AUS-OfflineIOS-6.0.0.1-20191215</string>,876
ip,5.0.0.3,30.0,36.0,E:/vmshared_storage/Kali202004/bin2text/Apple_binary_property_list\3d53cce18f2dacf914fdcc964ec0b85fc5e2dfa5.txt,			<string>kor-KOR-OfflineIOS-5.0.0.3-20191215</string>,914
ip,6.0.0.2,30.0,36.0,E:/vmshared_storage/Kali202004/bin2text/Apple_binary_property_list\3d53cce18f2dacf914fdcc964ec0b85fc5e2dfa5.txt,			<string>spa-ESP-OfflineIOS-6.0.0.2-20191120</string>,952
ip,6.0.0.3,30.0,36.0,E:/vmshared_storage/Kali202004/bin2text/Apple_binary_property_list\3d53cce18f2dacf914fdcc964ec0b85fc5e2dfa5.txt,			<string>spa-USA-OfflineIOS-6.0.0.3-20190831</string>,990
ip,6.0.0.0,30.0,36.0,E:/vmshared_storage/Kali202004/bin2text/Apple_binary_property_list\3d53cce18f2dacf914fdcc964ec0b85fc5e2dfa5.txt,			<string>cmn-CHN-OfflineIOS-6.0.0.0-20191009</string>,1028
ip,6.0.0.3,30.0,36.0,E:/vmshared_storage/Kali202004/bin2text/Apple_binary_property_list\3d53cce18f2dacf914fdcc964ec0b85fc5e2dfa5.txt,			<string>jpn-JPN-OfflineIOS-6.0.0.3-20191024</string>,1066
ip,5.0.0.4,30.0,36.0,E:/vmshared_storage/Kali202004/bin2text/Apple_binary_property_list\3d53cce18f2dacf914fdcc964ec0b85fc5e2dfa5.txt,			<string>rus-RUS-OfflineIOS-5.0.0.4-20190930</string>,1104
ip,5.0.0.1,30.0,36.0,E:/vmshared_storage/Kali202004/bin2text/Apple_binary_property_list\3d53cce18f2dacf914fdcc964ec0b85fc5e2dfa5.txt,			<string>tur-TUR-OfflineIOS-5.0.0.1-20190928</string>,1142
ip,6.0.0.2,30.0,36.0,E:/vmshared_storage/Kali202004/bin2text/Apple_binary_property_list\3d53cce18f2dacf914fdcc964ec0b85fc5e2dfa5.txt,			<string>yue-HKG-OfflineIOS-6.0.0.2-20190901</string>,1180
ip,6.0.0.1,19.0,25.0,E:/vmshared_storage/Kali202004/bin2text/Apple_binary_property_list\3d53cce18f2dacf914fdcc964ec0b85fc5e2dfa5.txt,			<string>eng-GBR-6.0.0.1-20190729</string>,1218
ip,5.1.1.0,19.0,25.0,E:/vmshared_storage/Kali202004/bin2text/Apple_binary_property_list\3d53cce18f2dacf914fdcc964ec0b85fc5e2dfa5.txt,			<string>ita-ITA-5.1.1.0-20190729</string>,1256
ip,5.0.0.2,19.0,25.0,E:/vmshared_storage/Kali202004/bin2text/Apple_binary_property_list\3d53cce18f2dacf914fdcc964ec0b85fc5e2dfa5.txt,			<string>por-BRA-5.0.0.2-20190729</string>,1294
ip,6.0.0.5,19.0,25.0,E:/vmshared_storage/Kali202004/bin2text/Apple_binary_property_list\3d53cce18f2dacf914fdcc964ec0b85fc5e2dfa5.txt,			<string>eng-IND-6.0.0.5-20190907</string>,1332
ip,6.0.0.0,30.0,36.0,E:/vmshared_storage/Kali202004/bin2text/Apple_binary_property_list\3d53cce18f2dacf914fdcc964ec0b85fc5e2dfa5.txt,			<string>ara-XWW-OfflineIOS-6.0.0.0-20200227</string>,1370
ip,5.0.0.1,30.0,36.0,E:/vmshared_storage/Kali202004/bin2text/Apple_binary_property_list\3d53cce18f2dacf914fdcc964ec0b85fc5e2dfa5.txt,			<string>tur-TUR-OfflineIOS-5.0.0.1-20200229</string>,1408
ip,7.0.0.3,30.0,36.0,E:/vmshared_storage/Kali202004/bin2text/Apple_binary_property_list\3d53cce18f2dacf914fdcc964ec0b85fc5e2dfa5.txt,			<string>deu-DEU-OfflineIOS-7.0.0.3-20200323</string>,1446
ip,7.0.0.3,30.0,36.0,E:/vmshared_storage/Kali202004/bin2text/Apple_binary_property_list\3d53cce18f2dacf914fdcc964ec0b85fc5e2dfa5.txt,			<string>eng-GBR-OfflineIOS-7.0.0.3-20200323</string>,1484
ip,7.0.0.4,30.0,36.0,E:/vmshared_storage/Kali202004/bin2text/Apple_binary_property_list\3d53cce18f2dacf914fdcc964ec0b85fc5e2dfa5.txt,			<string>eng-USA-OfflineIOS-7.0.0.4-20200319</string>,1522
ip,7.0.0.3,30.0,36.0,E:/vmshared_storage/Kali202004/bin2text/Apple_binary_property_list\3d53cce18f2dacf914fdcc964ec0b85fc5e2dfa5.txt,			<string>spa-ESP-OfflineIOS-7.0.0.3-20200323</string>,1560
ip,7.0.0.3,30.0,36.0,E:/vmshared_storage/Kali202004/bin2text/Apple_binary_property_list\3d53cce18f2dacf914fdcc964ec0b85fc5e2dfa5.txt,			<string>fra-FRA-OfflineIOS-7.0.0.3-20200323</string>,1598
ip,7.0.0.3,30.0,36.0,E:/vmshared_storage/Kali202004/bin2text/Apple_binary_property_list\3d53cce18f2dacf914fdcc964ec0b85fc5e2dfa5.txt,			<string>jpn-JPN-OfflineIOS-7.0.0.3-20200323</string>,1636
ip,7.0.0.3,30.0,36.0,E:/vmshared_storage/Kali202004/bin2text/Apple_binary_property_list\3d53cce18f2dacf914fdcc964ec0b85fc5e2dfa5.txt,			<string>cmn-CHN-OfflineIOS-7.0.0.3-20200323</string>,1674
ip,10.78.6.0,19.0,27.0,E:/vmshared_storage/Kali202004/bin2text/Apple_binary_property_list\3df3b48a4ddc9da17c0498b00582867bc0b5e07e.txt,"		<string>Snapchat/10.78.6.0 (iPhone8,4; iOS 13.4.1; gzip)</string>",327
ip,10.78.6.0,10.0,18.0,E:/vmshared_storage/Kali202004/bin2text/Apple_binary_property_list\3df3b48a4ddc9da17c0498b00582867bc0b5e07e.txt,		<string>10.78.6.0</string>,331
ip,10.22.22.1,10.0,19.0,E:/vmshared_storage/Kali202004/bin2text/Apple_binary_property_list\3e0b8ae7ed4fb97b6d179130b77432f2b664ce54.txt,		<string>10.22.22.1</string>,8
ip,10.68.68.22,10.0,20.0,E:/vmshared_storage/Kali202004/bin2text/Apple_binary_property_list\3e0b8ae7ed4fb97b6d179130b77432f2b664ce54.txt,		<string>10.68.68.22</string>,34
ip,10.22.22.1,10.0,19.0,E:/vmshared_storage/Kali202004/bin2text/Apple_binary_property_list\3e0b8ae7ed4fb97b6d179130b77432f2b664ce54.txt,		<string>10.22.22.1</string>,44
ip,216.239.36.126,11.0,24.0,E:/vmshared_storage/Kali202004/bin2text/Apple_binary_property_list\536c9cb2534384adb0fc72566a6e37ba66e4e59d.txt,			<string>216.239.36.126</string>,917
ip,10.78.6.0,10.0,18.0,E:/vmshared_storage/Kali202004/bin2text/Apple_binary_property_list\536c9cb2534384adb0fc72566a6e37ba66e4e59d.txt,		<string>10.78.6.0</string>,947
ip,10.78.6.0,19.0,27.0,E:/vmshared_storage/Kali202004/bin2text/Apple_binary_property_list\536c9cb2534384adb0fc72566a6e37ba66e4e59d.txt,"		<string>Snapchat/10.78.6.0 (iPhone8,4; iOS 13.4.1; gzip)</string>",994
ip,216.239.36.126,11.0,24.0,E:/vmshared_storage/Kali202004/bin2text/Apple_binary_property_list\536c9cb2534384adb0fc72566a6e37ba66e4e59d.txt,			<string>216.239.36.126</string>,1726
ip,52.207.89.96,11.0,22.0,E:/vmshared_storage/Kali202004/bin2text/Apple_binary_property_list\536c9cb2534384adb0fc72566a6e37ba66e4e59d.txt,"			<string>52.207.89.96,52.207.21.88,52.4.205.231,52.5.37.1,52.4.79.247,52.22.144.146,52.3.185.35,52.21.187.77</string>",2485
ip,52.207.21.88,24.0,35.0,E:/vmshared_storage/Kali202004/bin2text/Apple_binary_property_list\536c9cb2534384adb0fc72566a6e37ba66e4e59d.txt,"			<string>52.207.89.96,52.207.21.88,52.4.205.231,52.5.37.1,52.4.79.247,52.22.144.146,52.3.185.35,52.21.187.77</string>",2485
ip,52.4.205.231,37.0,48.0,E:/vmshared_storage/Kali202004/bin2text/Apple_binary_property_list\536c9cb2534384adb0fc72566a6e37ba66e4e59d.txt,"			<string>52.207.89.96,52.207.21.88,52.4.205.231,52.5.37.1,52.4.79.247,52.22.144.146,52.3.185.35,52.21.187.77</string>",2485
ip,52.5.37.1,50.0,58.0,E:/vmshared_storage/Kali202004/bin2text/Apple_binary_property_list\536c9cb2534384adb0fc72566a6e37ba66e4e59d.txt,"			<string>52.207.89.96,52.207.21.88,52.4.205.231,52.5.37.1,52.4.79.247,52.22.144.146,52.3.185.35,52.21.187.77</string>",2485
ip,52.4.79.247,60.0,70.0,E:/vmshared_storage/Kali202004/bin2text/Apple_binary_property_list\536c9cb2534384adb0fc72566a6e37ba66e4e59d.txt,"			<string>52.207.89.96,52.207.21.88,52.4.205.231,52.5.37.1,52.4.79.247,52.22.144.146,52.3.185.35,52.21.187.77</string>",2485
ip,52.22.144.146,72.0,84.0,E:/vmshared_storage/Kali202004/bin2text/Apple_binary_property_list\536c9cb2534384adb0fc72566a6e37ba66e4e59d.txt,"			<string>52.207.89.96,52.207.21.88,52.4.205.231,52.5.37.1,52.4.79.247,52.22.144.146,52.3.185.35,52.21.187.77</string>",2485
ip,52.3.185.35,86.0,96.0,E:/vmshared_storage/Kali202004/bin2text/Apple_binary_property_list\536c9cb2534384adb0fc72566a6e37ba66e4e59d.txt,"			<string>52.207.89.96,52.207.21.88,52.4.205.231,52.5.37.1,52.4.79.247,52.22.144.146,52.3.185.35,52.21.187.77</string>",2485
ip,52.21.187.77,98.0,109.0,E:/vmshared_storage/Kali202004/bin2text/Apple_binary_property_list\536c9cb2534384adb0fc72566a6e37ba66e4e59d.txt,"			<string>52.207.89.96,52.207.21.88,52.4.205.231,52.5.37.1,52.4.79.247,52.22.144.146,52.3.185.35,52.21.187.77</string>",2485
ip,216.239.36.126,11.0,24.0,E:/vmshared_storage/Kali202004/bin2text/Apple_binary_property_list\536c9cb2534384adb0fc72566a6e37ba66e4e59d.txt,			<string>216.239.36.126</string>,3461
ip,35.186.197.135,11.0,24.0,E:/vmshared_storage/Kali202004/bin2text/Apple_binary_property_list\536c9cb2534384adb0fc72566a6e37ba66e4e59d.txt,			<string>35.186.197.135</string>,4417
ip,35.190.43.134,11.0,23.0,E:/vmshared_storage/Kali202004/bin2text/Apple_binary_property_list\536c9cb2534384adb0fc72566a6e37ba66e4e59d.txt,			<string>35.190.43.134</string>,5155
ip,35.186.197.135,11.0,24.0,E:/vmshared_storage/Kali202004/bin2text/Apple_binary_property_list\536c9cb2534384adb0fc72566a6e37ba66e4e59d.txt,			<string>35.186.197.135</string>,6116
ip,35.186.197.135,11.0,24.0,E:/vmshared_storage/Kali202004/bin2text/Apple_binary_property_list\536c9cb2534384adb0fc72566a6e37ba66e4e59d.txt,			<string>35.186.197.135</string>,6845
ip,3.213.65.77,11.0,21.0,E:/vmshared_storage/Kali202004/bin2text/Apple_binary_property_list\536c9cb2534384adb0fc72566a6e37ba66e4e59d.txt,			<string>3.213.65.77</string>,7566
ip,3.94.245.242,11.0,22.0,E:/vmshared_storage/Kali202004/bin2text/Apple_binary_property_list\536c9cb2534384adb0fc72566a6e37ba66e4e59d.txt,			<string>3.94.245.242</string>,8985
ip,172.217.8.20,11.0,22.0,E:/vmshared_storage/Kali202004/bin2text/Apple_binary_property_list\536c9cb2534384adb0fc72566a6e37ba66e4e59d.txt,			<string>172.217.8.20</string>,9706
ip,3.94.245.242,11.0,22.0,E:/vmshared_storage/Kali202004/bin2text/Apple_binary_property_list\536c9cb2534384adb0fc72566a6e37ba66e4e59d.txt,			<string>3.94.245.242</string>,10446
ip,216.239.36.126,11.0,24.0,E:/vmshared_storage/Kali202004/bin2text/Apple_binary_property_list\536c9cb2534384adb0fc72566a6e37ba66e4e59d.txt,			<string>216.239.36.126</string>,11191
ip,172.217.8.20,11.0,22.0,E:/vmshared_storage/Kali202004/bin2text/Apple_binary_property_list\536c9cb2534384adb0fc72566a6e37ba66e4e59d.txt,			<string>172.217.8.20</string>,11917
ip,216.239.36.126,11.0,24.0,E:/vmshared_storage/Kali202004/bin2text/Apple_binary_property_list\536c9cb2534384adb0fc72566a6e37ba66e4e59d.txt,			<string>216.239.36.126</string>,12658
ip,15.21.2.145,9.0,19.0,E:/vmshared_storage/Kali202004/bin2text/Apple_binary_property_list\556b1ead1e8a076aca14a2af2700492d7777e004.txt,	<string>15.21.2.14594</string>,29
ip,8.58.0.93,9.0,17.0,E:/vmshared_storage/Kali202004/bin2text/Apple_binary_property_list\587b27200655852f98c1e93eca3989721e8b753b.txt,	<string>8.58.0.93</string>,55
ip,10.5.0.1,59.0,66.0,E:/vmshared_storage/Kali202004/bin2text/Apple_binary_property_list\58c04ad9d3f36b0b62b3af7864c83baf165103f1.txt,			<string>http://en-us-support.belkin.com/euf/rightnow/js/10.5.0.1.6.137/min/RightNow.js</string>,13805
ip,8.58.0.93,9.0,17.0,E:/vmshared_storage/Kali202004/bin2text/Apple_binary_property_list\5c12924f92bbd9ba234225d992418199a59d010b.txt,	<string>8.58.0.93</string>,29
ip,2.20.31.4,10.0,18.0,E:/vmshared_storage/Kali202004/bin2text/Apple_binary_property_list\5fa904093fbd7e732fc656a70e9970a73ceb96f8.txt,		<string>2.20.31.4</string>,146
ip,10.78.6.0,9.0,17.0,E:/vmshared_storage/Kali202004/bin2text/Apple_binary_property_list\61223ed1d618fa13577e02b5a87026463081782a.txt,	<string>10.78.6.0</string>,29
ip,10.5.0.1,59.0,66.0,E:/vmshared_storage/Kali202004/bin2text/Apple_binary_property_list\64d8e24b95f52a290ee856cf3a575cd1f006a4a8.txt,			<string>http://en-us-support.belkin.com/euf/rightnow/js/10.5.0.1.6.137/min/RightNow.js</string>,13641
ip,255.255.255.255,14.0,28.0,E:/vmshared_storage/Kali202004/bin2text/Apple_binary_property_list\6531887fbf2cd4efc263557129a45bacb7234bdd.txt,						<string>255.255.255.255</string>,667
ip,0.0.0.0,14.0,20.0,E:/vmshared_storage/Kali202004/bin2text/Apple_binary_property_list\6531887fbf2cd4efc263557129a45bacb7234bdd.txt,						<string>0.0.0.0</string>,669
ip,255.255.255.255,14.0,28.0,E:/vmshared_storage/Kali202004/bin2text/Apple_binary_property_list\6531887fbf2cd4efc263557129a45bacb7234bdd.txt,						<string>255.255.255.255</string>,684
ip,0.0.0.0,14.0,20.0,E:/vmshared_storage/Kali202004/bin2text/Apple_binary_property_list\6531887fbf2cd4efc263557129a45bacb7234bdd.txt,						<string>0.0.0.0</string>,686
ip,3.6.1.4,10.0,16.0,E:/vmshared_storage/Kali202004/bin2text/Apple_binary_property_list\6ca0a84b3a47bfa546f58555d9fe9e8356701931.txt,		<string>3.6.1.4</string>,7
ip,609.1.20.0,9.0,18.0,E:/vmshared_storage/Kali202004/bin2text/Apple_binary_property_list\6e18dc5cba035d99a38bd00132bd804333d4c7ba.txt,	<string>609.1.20.0.9</string>,5
ip,12.6.0.1,9.0,16.0,E:/vmshared_storage/Kali202004/bin2text/Apple_binary_property_list\6ef6cb1488b2b888cedd296d17c4b2f69690a412.txt,	<string>12.6.0.1</string>,27
ip,12.6.0.1,9.0,16.0,E:/vmshared_storage/Kali202004/bin2text/Apple_binary_property_list\721fc1e27adac5149c435ecb71cbe1b0a48a439a.txt,	<string>12.6.0.1</string>,31
ip,12.6.0.1,9.0,16.0,E:/vmshared_storage/Kali202004/bin2text/Apple_binary_property_list\721fc1e27adac5149c435ecb71cbe1b0a48a439a.txt,	<string>12.6.0.1</string>,97
ip,6.9.4.0,16.0,22.0,E:/vmshared_storage/Kali202004/bin2text/Apple_binary_property_list\745de12c13e4040b59ebd0a8ddfe9f2c8dc59248.txt,		<string>MoPub-6.9.4.0</string>,1152
ip,7.4.2.6,9.0,15.0,E:/vmshared_storage/Kali202004/bin2text/Apple_binary_property_list\74c0fb4fa58dde164dae2f0519a62fd7be147e15.txt,	<string>7.4.2.6</string>,23
ip,135.0.0.22,9.0,18.0,E:/vmshared_storage/Kali202004/bin2text/Apple_binary_property_list\7b67891a7468ec564047c368c433fc2ed3fcbad8.txt,	<string>135.0.0.22.118</string>,41
ip,2.20.31.4,9.0,17.0,E:/vmshared_storage/Kali202004/bin2text/Apple_binary_property_list\7d4e26d178a928179a418db6c5c9f326c728c10d.txt,	<string>2.20.31.4</string>,15
ip,0.5.1.3,10.0,16.0,E:/vmshared_storage/Kali202004/bin2text/Apple_binary_property_list\814e64b57c4a8be20d253762d4d35976733d2e18.txt,		<string>0.5.1.3</string>,668
ip,0.6.7.8,10.0,16.0,E:/vmshared_storage/Kali202004/bin2text/Apple_binary_property_list\814e64b57c4a8be20d253762d4d35976733d2e18.txt,		<string>0.6.7.8</string>,2678
ip,10.78.6.0,9.0,17.0,E:/vmshared_storage/Kali202004/bin2text/Apple_binary_property_list\847a3d304dc1ecea60e4ffbe2c7d3a4985e86a0b.txt,	<string>10.78.6.0</string>,27
ip,8.58.0.93,10.0,18.0,E:/vmshared_storage/Kali202004/bin2text/Apple_binary_property_list\84edcf429f5202aa7fcf4cd9efa997a350cfcb07.txt,		<string>8.58.0.93</string>,1637
ip,12.6.0.1,10.0,17.0,E:/vmshared_storage/Kali202004/bin2text/Apple_binary_property_list\84edcf429f5202aa7fcf4cd9efa997a350cfcb07.txt,		<string>12.6.0.1</string>,1839
ip,20.10.0.8,10.0,18.0,E:/vmshared_storage/Kali202004/bin2text/Apple_binary_property_list\84edcf429f5202aa7fcf4cd9efa997a350cfcb07.txt,		<string>20.10.0.8</string>,3810
ip,2.20.31.4,10.0,18.0,E:/vmshared_storage/Kali202004/bin2text/Apple_binary_property_list\84edcf429f5202aa7fcf4cd9efa997a350cfcb07.txt,		<string>2.20.31.4</string>,10348
ip,15.21.2.145,10.0,20.0,E:/vmshared_storage/Kali202004/bin2text/Apple_binary_property_list\84edcf429f5202aa7fcf4cd9efa997a350cfcb07.txt,		<string>15.21.2.14594</string>,11639
ip,10.78.6.0,10.0,18.0,E:/vmshared_storage/Kali202004/bin2text/Apple_binary_property_list\84edcf429f5202aa7fcf4cd9efa997a350cfcb07.txt,		<string>10.78.6.0</string>,12537
ip,3.6.1.4,10.0,16.0,E:/vmshared_storage/Kali202004/bin2text/Apple_binary_property_list\84edcf429f5202aa7fcf4cd9efa997a350cfcb07.txt,		<string>3.6.1.4</string>,14812
ip,1.0.0.1,6.0,12.0,E:/vmshared_storage/Kali202004/bin2text/Apple_binary_property_list\8650f74c01418a41b0010ec9e617f63cd539749b.txt,	<key>1.0.0.1</key>,638
ip,1.0.0.1,11.0,17.0,E:/vmshared_storage/Kali202004/bin2text/Apple_binary_property_list\8650f74c01418a41b0010ec9e617f63cd539749b.txt,			<string>1.0.0.1</string>,643
ip,1.0.0.1,12.0,18.0,E:/vmshared_storage/Kali202004/bin2text/Apple_binary_property_list\8650f74c01418a41b0010ec9e617f63cd539749b.txt,				<string>1.0.0.1</string>,661
ip,1.1.1.1,6.0,12.0,E:/vmshared_storage/Kali202004/bin2text/Apple_binary_property_list\8650f74c01418a41b0010ec9e617f63cd539749b.txt,	<key>1.1.1.1</key>,665
ip,1.1.1.1,11.0,17.0,E:/vmshared_storage/Kali202004/bin2text/Apple_binary_property_list\8650f74c01418a41b0010ec9e617f63cd539749b.txt,			<string>1.1.1.1</string>,670
ip,1.1.1.1,12.0,18.0,E:/vmshared_storage/Kali202004/bin2text/Apple_binary_property_list\8650f74c01418a41b0010ec9e617f63cd539749b.txt,				<string>1.1.1.1</string>,688
ip,208.180.231.139,40.0,54.0,E:/vmshared_storage/Kali202004/bin2text/Apple_binary_property_list\8650f74c01418a41b0010ec9e617f63cd539749b.txt,					<string>http://abuseipdb.com/check/208.180.231.139</string>,21021
ip,69.50.232.54,44.0,55.0,E:/vmshared_storage/Kali202004/bin2text/Apple_binary_property_list\8650f74c01418a41b0010ec9e617f63cd539749b.txt,					<string>http://www.abuseipdb.com/whois/69.50.232.54</string>,21025
ip,4.3.0.49,85.0,92.0,E:/vmshared_storage/Kali202004/bin2text/Apple_binary_property_list\8650f74c01418a41b0010ec9e617f63cd539749b.txt,					<string>http://advantage1.checkm8.com/AdminServer/swf/admin-release.swf?version=4.3.0.49</string>,274716
ip,0.0.0.392,53.0,61.0,E:/vmshared_storage/Kali202004/bin2text/Apple_binary_property_list\8650f74c01418a41b0010ec9e617f63cd539749b.txt,					<string>http://d3bn78kc7qbjb6.cloudfront.net/rc-0.0.0.392/views/logs/logs.html</string>,282426
ip,3.2.108.2,53.0,61.0,E:/vmshared_storage/Kali202004/bin2text/Apple_binary_property_list\8650f74c01418a41b0010ec9e617f63cd539749b.txt,					<string>http://fcs.dell.com/fcs/fcs/UIFramework/3.2.108.2/res/Image?path=sharedcontrols%2Fcontainers%2Fvalidation_messaging_left.png</string>,316507
ip,1.7.0.0,56.0,62.0,E:/vmshared_storage/Kali202004/bin2text/Apple_binary_property_list\8650f74c01418a41b0010ec9e617f63cd539749b.txt,				<string>http://ui1.img.digitalrivercontent.net/drui/1.7.0.0.7.1/css/dr-stylesheet-ff-compressed.css</string>,322760
ip,2.15.134.0,55.0,64.0,E:/vmshared_storage/Kali202004/bin2text/Apple_binary_property_list\8650f74c01418a41b0010ec9e617f63cd539749b.txt,				<string>http://fast.fonts.com/FontsCom/Live/static/2.15.134.0/img/apple-touch-icon-57x57.png</string>,374890
ip,0.0.798.798,41.0,51.0,E:/vmshared_storage/Kali202004/bin2text/Apple_binary_property_list\8650f74c01418a41b0010ec9e617f63cd539749b.txt,					<string>http://tva1.sinaimg.cn/crop.0.0.798.798.180/6462d00fgw1egno4hgy6wj20m80m8mxn.jpg</string>,697924
ip,0.9.9.3,74.0,80.0,E:/vmshared_storage/Kali202004/bin2text/Apple_binary_property_list\8650f74c01418a41b0010ec9e617f63cd539749b.txt,					<string>http://netix.dl.sourceforge.net/project/kreogist-mu/Releases/0.9.9.3/Windows/mu_0.9.9.3_win64_intel_d9b5f2d.zip</string>,710751
ip,0.9.9.3,93.0,99.0,E:/vmshared_storage/Kali202004/bin2text/Apple_binary_property_list\8650f74c01418a41b0010ec9e617f63cd539749b.txt,					<string>http://netix.dl.sourceforge.net/project/kreogist-mu/Releases/0.9.9.3/Windows/mu_0.9.9.3_win64_intel_d9b5f2d.zip</string>,710751
ip,5.6.1.892,56.0,64.0,E:/vmshared_storage/Kali202004/bin2text/Apple_binary_property_list\8650f74c01418a41b0010ec9e617f63cd539749b.txt,					<string>http://sm.wdjcdn.com/release/files/jupiter/5.6.1.8925/wandoujia-wandoujia_web.apk</string>,816627
ip,0.21.685.685,41.0,52.0,E:/vmshared_storage/Kali202004/bin2text/Apple_binary_property_list\8650f74c01418a41b0010ec9e617f63cd539749b.txt,					<string>http://tvassl.weibo.cn/crop.0.21.685.685.1024/6b84272bgw1euxxzxrndpj20k00k0adc.jpg</string>,823748
ip,1.4.4.02,63.0,70.0,E:/vmshared_storage/Kali202004/bin2text/Apple_binary_property_list\8650f74c01418a41b0010ec9e617f63cd539749b.txt,					<string>http://novel-cdn.kuangxiangit.com/custom/download/1.4.4.02/Novel-release_14402_jiagu_sign-1109-2-PCdownload.apk</string>,929627
ip,10.5.0.1,59.0,66.0,E:/vmshared_storage/Kali202004/bin2text/Apple_binary_property_list\883293b137e3f2d70a40097875a9156cf250661f.txt,			<string>http://en-us-support.belkin.com/euf/rightnow/js/10.5.0.1.6.137/min/RightNow.js</string>,13805
ip,608.80.24.1,10.0,20.0,E:/vmshared_storage/Kali202004/bin2text/Apple_binary_property_list\88a780fb6685502b7fac296a52d142087168ffa1.txt,	<string>3608.80.24.1.8</string>,15
ip,2.20.31.4,9.0,17.0,E:/vmshared_storage/Kali202004/bin2text/Apple_binary_property_list\88b18fb2666fbb48729ab932e98832fb46de94a7.txt,	<string>2.20.31.4</string>,15
ip,180.0.720.720,70.0,82.0,E:/vmshared_storage/Kali202004/bin2text/Apple_binary_property_list\8ab811fd2f1f940fa8f73531f8369dd377c8cd01.txt,		<string>https://scontent-iad3-1.cdninstagram.com/v/t51.2885-15/e15/c180.0.720.720a/s240x240/93425170_1848465348622192_2718028079642416718_n.jpg?cachebreaker=9823&amp;_nc_ht=scontent-iad3-1.cdninstagram.com&amp;_nc_cat=1&amp;_nc_ohc=MteGbc14-xIAX9Oom5c&amp;oh=bce805572a79dd6ed9fbedbbf1b198ee&amp;oe=5EC259EB&amp;ig_cache_key=MjI4ODMyOTY2NzQ3OTg3Nzk0Ng%3D%3D.2</string>,8331
ip,8.5.51.877,9.0,18.0,E:/vmshared_storage/Kali202004/bin2text/Apple_binary_property_list\8c14a5e7d237e68ab3072bcf7f8199fd1d313b0b.txt,	<string>8.5.51.877.g6cea6b5</string>,79
ip,8.5.51.877,9.0,18.0,E:/vmshared_storage/Kali202004/bin2text/Apple_binary_property_list\8c14a5e7d237e68ab3072bcf7f8199fd1d313b0b.txt,	<string>8.5.51.877</string>,81
ip,1.000.000.000,9.0,21.0,E:/vmshared_storage/Kali202004/bin2text/Apple_binary_property_list\8ce6104f521ebfb4cbfcd35a78377e1ef9246b35.txt,	<string>1.000.000.000+</string>,9
ip,2.20.31.4,9.0,17.0,E:/vmshared_storage/Kali202004/bin2text/Apple_binary_property_list\8d4004ff5628d301c829f8fbc8f89977205e156c.txt,	<string>2.20.31.4</string>,15
ip,257.0.1.38,9.0,18.0,E:/vmshared_storage/Kali202004/bin2text/Apple_binary_property_list\8d44d6ddc9641941afabe8eb24f6199aa74ca877.txt,	<string>257.0.1.38.116</string>,39
ip,7.0.0.4,156.0,162.0,E:/vmshared_storage/Kali202004/bin2text/Apple_binary_property_list\93f820c75ca7b43f4908fd31f1f27a9b1fe4ace7.txt,	<string>/private/var/MobileAsset/AssetsV2/com_apple_MobileAsset_EmbeddedSpeech/479991bc60161e4545ff833d6117f264954cb6b3.asset/AssetData/eng-USA-OfflineIOS-7.0.0.4-20200319</string>,698
ip,608.80.24.1,10.0,20.0,E:/vmshared_storage/Kali202004/bin2text/Apple_binary_property_list\94216fdb0d912a99c562d0da5f817f55010f5630.txt,	<string>3608.80.24.1.8</string>,15
ip,10.5.0.1,59.0,66.0,E:/vmshared_storage/Kali202004/bin2text/Apple_binary_property_list\9b0b4bf0e77c12d8c5c600c7f58d46d8aca26f5a.txt,			<string>http://en-us-support.belkin.com/euf/rightnow/js/10.5.0.1.6.137/min/RightNow.js</string>,13805
ip,10.78.6.0,9.0,17.0,E:/vmshared_storage/Kali202004/bin2text/Apple_binary_property_list\9dc813127027b8c1399969ce919ef4dd2924b8d2.txt,	<string>10.78.6.0</string>,27
ip,608.80.24.1,10.0,20.0,E:/vmshared_storage/Kali202004/bin2text/Apple_binary_property_list\9e1ff5fe13a6c93e89ae14e9c4f8b9ecf45069b3.txt,	<string>3608.80.24.1.8</string>,15
ip,2.20.31.4,9.0,17.0,E:/vmshared_storage/Kali202004/bin2text/Apple_binary_property_list\a5967a98e2e13510e7c386a4c0112c0a3c7c462f.txt,	<string>2.20.31.4</string>,15
ip,13.3.1.17,10.0,18.0,E:/vmshared_storage/Kali202004/bin2text/Apple_binary_property_list\a92db9e959b6ad2b34fcec8f277a6e78d8ec8b62.txt,		<string>13.3.1.17D50</string>,456
ip,13.3.1.17,10.0,18.0,E:/vmshared_storage/Kali202004/bin2text/Apple_binary_property_list\a92db9e959b6ad2b34fcec8f277a6e78d8ec8b62.txt,		<string>13.3.1.17D50</string>,661
ip,104.36.225.166,10.0,23.0,E:/vmshared_storage/Kali202004/bin2text/Apple_binary_property_list\aa90f709f2578d94c749dc002f30429092bf3a26.txt,		<string>104.36.225.166</string>,133
ip,104.36.225.154,10.0,23.0,E:/vmshared_storage/Kali202004/bin2text/Apple_binary_property_list\aa90f709f2578d94c749dc002f30429092bf3a26.txt,		<string>104.36.225.154</string>,220
ip,104.36.225.179,10.0,23.0,E:/vmshared_storage/Kali202004/bin2text/Apple_binary_property_list\aa90f709f2578d94c749dc002f30429092bf3a26.txt,		<string>104.36.225.179</string>,286
ip,104.36.225.142,10.0,23.0,E:/vmshared_storage/Kali202004/bin2text/Apple_binary_property_list\aa90f709f2578d94c749dc002f30429092bf3a26.txt,		<string>104.36.225.142</string>,352
ip,10.5.0.1,59.0,66.0,E:/vmshared_storage/Kali202004/bin2text/Apple_binary_property_list\ad4199f2d3d0bbb374d3df286909e7bc4fdf9161.txt,			<string>http://en-us-support.belkin.com/euf/rightnow/js/10.5.0.1.6.137/min/RightNow.js</string>,13805
ip,20.10.0.8,9.0,17.0,E:/vmshared_storage/Kali202004/bin2text/Apple_binary_property_list\aefdc4675f6c8f34c107c3603c6bee65ff73a17f.txt,	<string>20.10.0.8</string>,27
ip,135.0.0.22,9.0,18.0,E:/vmshared_storage/Kali202004/bin2text/Apple_binary_property_list\b1a036168c578194dff7a55eed293a80e8427952.txt,	<string>135.0.0.22.118</string>,25
ip,34.227.164.166,10.0,23.0,E:/vmshared_storage/Kali202004/bin2text/Apple_binary_property_list\b94ce606c77227c768522145ae97a1b6a1ae2c8c.txt,		<string>34.227.164.166</string>,33
ip,10.5.0.1,59.0,66.0,E:/vmshared_storage/Kali202004/bin2text/Apple_binary_property_list\ba7f42ab92d880250391726bede514cf18cc9c2f.txt,			<string>http://en-us-support.belkin.com/euf/rightnow/js/10.5.0.1.6.137/min/RightNow.js</string>,13694
ip,7.0.0.4,29.0,35.0,E:/vmshared_storage/Kali202004/bin2text/Apple_binary_property_list\bcea4e7c774e23b0cb6b11b5b9c6a404d3e893c7.txt,		<string>eng-USA-OfflineIOS-7.0.0.4-20200319</string>,21
ip,7.4.1.2,9.0,15.0,E:/vmshared_storage/Kali202004/bin2text/Apple_binary_property_list\bd7f5de35b032e4a1786a075dcb794dd8e6c0f5e.txt,	<string>7.4.1.2</string>,23
ip,64.98.122.70,9.0,20.0,E:/vmshared_storage/Kali202004/bin2text/Apple_binary_property_list\c14794c06941df83dc155f6760000343e81f9d48.txt,	<string>64.98.122.70</string>,654
ip,20.10.0.8,9.0,17.0,E:/vmshared_storage/Kali202004/bin2text/Apple_binary_property_list\c1ed83a07b64c934b2badfe8e02489e6b99ffc4d.txt,	<string>20.10.0.8</string>,27
ip,12.6.0.1,9.0,16.0,E:/vmshared_storage/Kali202004/bin2text/Apple_binary_property_list\c25eaf4ebde758dfceed9597a01c88281c1a2417.txt,	<string>12.6.0.1</string>,29
ip,12.6.0.1,9.0,16.0,E:/vmshared_storage/Kali202004/bin2text/Apple_binary_property_list\c25eaf4ebde758dfceed9597a01c88281c1a2417.txt,	<string>12.6.0.1</string>,80
ip,257.0.1.38,9.0,18.0,E:/vmshared_storage/Kali202004/bin2text/Apple_binary_property_list\c65bd68a7c85dead310de1cd59512a589e3ee7f3.txt,	<string>257.0.1.38.116</string>,27
ip,257.0.1.38,9.0,18.0,E:/vmshared_storage/Kali202004/bin2text/Apple_binary_property_list\c9938e66e88adc54f79877a3ff5032137da09591.txt,	<string>257.0.1.38.116</string>,34
ip,256.0.1.26,34.0,43.0,E:/vmshared_storage/Kali202004/bin2text/Apple_binary_property_list\c9938e66e88adc54f79877a3ff5032137da09591.txt,			<string>tincan_register_device_256.0.1.26.113</string>,52
ip,257.0.1.38,34.0,43.0,E:/vmshared_storage/Kali202004/bin2text/Apple_binary_property_list\c9938e66e88adc54f79877a3ff5032137da09591.txt,			<string>tincan_register_device_257.0.1.38.116</string>,53
ip,257.0.1.38,9.0,18.0,E:/vmshared_storage/Kali202004/bin2text/Apple_binary_property_list\c9938e66e88adc54f79877a3ff5032137da09591.txt,	<string>257.0.1.38.116</string>,85
ip,257.0.1.38,9.0,18.0,E:/vmshared_storage/Kali202004/bin2text/Apple_binary_property_list\c9938e66e88adc54f79877a3ff5032137da09591.txt,	<string>257.0.1.38.116</string>,136
ip,135.0.0.22,9.0,18.0,E:/vmshared_storage/Kali202004/bin2text/Apple_binary_property_list\caf9f9e5df119fca45ad78741dd05a098365df7e.txt,	<string>135.0.0.22.118 (206072690)</string>,20
ip,2.20.31.4,9.0,17.0,E:/vmshared_storage/Kali202004/bin2text/Apple_binary_property_list\d1cb9754c4cb8d9a5a944c4f5d09ef4e286f99fe.txt,	<string>2.20.31.4</string>,15
ip,3.6.1.4,9.0,15.0,E:/vmshared_storage/Kali202004/bin2text/Apple_binary_property_list\d32997bdc4b75f25177d8481ed0f143c7470d17e.txt,	<string>3.6.1.4</string>,27
ip,10.5.0.1,59.0,66.0,E:/vmshared_storage/Kali202004/bin2text/Apple_binary_property_list\d43b6b712d9d9f067cd8d9734abedec101cce9a3.txt,			<string>http://en-us-support.belkin.com/euf/rightnow/js/10.5.0.1.6.137/min/RightNow.js</string>,13805
ip,12.6.0.1,9.0,16.0,E:/vmshared_storage/Kali202004/bin2text/Apple_binary_property_list\d4411f007a9f361ae6f6bfacf87fff45d2f5cc3e.txt,	<string>12.6.0.1</string>,29
ip,10.5.0.1,59.0,66.0,E:/vmshared_storage/Kali202004/bin2text/Apple_binary_property_list\da837acc0bfd4616736d58e4cc0ba7d43ab8f2a8.txt,			<string>http://en-us-support.belkin.com/euf/rightnow/js/10.5.0.1.6.137/min/RightNow.js</string>,13805
ip,12.6.0.1,9.0,16.0,E:/vmshared_storage/Kali202004/bin2text/Apple_binary_property_list\da91bbdf329254fc23533282ec32c19ebf96eaf9.txt,	<string>12.6.0.1</string>,27
ip,15.21.2.145,9.0,19.0,E:/vmshared_storage/Kali202004/bin2text/Apple_binary_property_list\ddd236c79485f3417b5454a91b145b962c1f1fdd.txt,	<string>15.21.2.14594</string>,27
ip,10.5.0.1,59.0,66.0,E:/vmshared_storage/Kali202004/bin2text/Apple_binary_property_list\e0359365d84524962ba0bc01505f49024fb8e3ee.txt,			<string>http://en-us-support.belkin.com/euf/rightnow/js/10.5.0.1.6.137/min/RightNow.js</string>,13628
ip,608.80.24.1,10.0,20.0,E:/vmshared_storage/Kali202004/bin2text/Apple_binary_property_list\e42908aec8a40ce8ca12a48b2c20709bdbb6a2ad.txt,	<string>3608.80.24.1.8</string>,15
ip,5.12.20.4,9.0,17.0,E:/vmshared_storage/Kali202004/bin2text/Apple_binary_property_list\e7f7e01681cf6baa7786c48108d631100ebfa64a.txt,	<string>5.12.20.4.10.18.5.5.2</string>,18
ip,10.18.5.5,19.0,27.0,E:/vmshared_storage/Kali202004/bin2text/Apple_binary_property_list\e7f7e01681cf6baa7786c48108d631100ebfa64a.txt,	<string>5.12.20.4.10.18.5.5.2</string>,18
ip,608.80.24.1,10.0,20.0,E:/vmshared_storage/Kali202004/bin2text/Apple_binary_property_list\e9ed3d78edc79157f831df6490c4202c6b042a0d.txt,	<string>3608.80.24.1.8</string>,163
ip,12.6.0.1,9.0,16.0,E:/vmshared_storage/Kali202004/bin2text/Apple_binary_property_list\ea2a9220c0ceebaa337e1c744b4b092a11442f32.txt,	<string>12.6.0.1</string>,49
ip,10.5.0.1,59.0,66.0,E:/vmshared_storage/Kali202004/bin2text/Apple_binary_property_list\ea43716dc4da6e0406797b151315688e5c685496.txt,			<string>http://en-us-support.belkin.com/euf/rightnow/js/10.5.0.1.6.137/min/RightNow.js</string>,13805
ip,2.20.31.4,9.0,17.0,E:/vmshared_storage/Kali202004/bin2text/Apple_binary_property_list\f6a160ff1fbb148121f3e49e8ca3039bb9e15c8b.txt,	<string>2.20.31.4</string>,17
ip,608.80.24.1,10.0,20.0,E:/vmshared_storage/Kali202004/bin2text/Apple_binary_property_list\fb37a5a28615463fcd5b35a6dfb25fbacb07ebb4.txt,	<string>3608.80.24.1.8</string>,15
ip,255.255.255.255,14.0,28.0,E:/vmshared_storage/Kali202004/bin2text/Apple_binary_property_list\fecc712f0f9747e8594b5984674c980b1ac4ccfe.txt,						<string>255.255.255.255</string>,667
ip,0.0.0.0,14.0,20.0,E:/vmshared_storage/Kali202004/bin2text/Apple_binary_property_list\fecc712f0f9747e8594b5984674c980b1ac4ccfe.txt,						<string>0.0.0.0</string>,669
ip,255.255.255.255,14.0,28.0,E:/vmshared_storage/Kali202004/bin2text/Apple_binary_property_list\fecc712f0f9747e8594b5984674c980b1ac4ccfe.txt,						<string>255.255.255.255</string>,684
ip,0.0.0.0,14.0,20.0,E:/vmshared_storage/Kali202004/bin2text/Apple_binary_property_list\fecc712f0f9747e8594b5984674c980b1ac4ccfe.txt,						<string>0.0.0.0</string>,686
